,sepal length (cm),sepal width (cm),petal length (cm),petal width (cm)
sepal length (cm),0.6811222222222221,-0.042151111111111104,1.2658200000000006,0.5128288888888888
sepal width (cm),-0.042151111111111104,0.18871288888888882,-0.3274586666666666,-0.12082844444444447
petal length (cm),1.2658200000000006,-0.3274586666666666,3.09550266666667,1.2869720000000004
petal width (cm),0.5128288888888888,-0.12082844444444447,1.2869720000000004,0.5771328888888886
