R^2(決定係数),RMSE(二乗平均平方根誤差),MSE(平均二乗誤差),MAE(平均絶対誤差)
0.9715551514482849,5.263890719595418,27.708545507842768,4.37600230958398
