R^2(決定係数),RMSE(二乗平均平方根誤差),MSE(平均二乗誤差),MAE(平均絶対誤差)
0.037170914903436714,30.625250672088107,937.905978728233,27.100706274326793
